StartDate,EndDate,Status,IPAddress,Progress,Duration (in seconds),Finished,RecordedDate,ResponseId,RecipientLastName,RecipientFirstName,RecipientEmail,ExternalReference,LocationLatitude,LocationLongitude,DistributionChannel,UserLanguage,Q1,Q5_1,Q2_1,Q2_2,Q2_3,Q2_4,Q2_5,Q2_6,Q3_1,Q3_2,Q3_3,Q3_4
Start Date,End Date,Response Type,IP Address,Progress,Duration (in seconds),Finished,Recorded Date,Response ID,Recipient Last Name,Recipient First Name,Recipient Email,External Data Reference,Location Latitude,Location Longitude,Distribution Channel,User Language,Subject ID:,How stressed are you right now?,Answer the following questions using the scale shown below. - I feel calm.,Answer the following questions using the scale shown below. - I am tense.,Answer the following questions using the scale shown below. - I feel upset.,Answer the following questions using the scale shown below. - I am relaxed.,Answer the following questions using the scale shown below. - I feel content.,Answer the following questions using the scale shown below. - I am worried.,"Answer the following questions using the scale shown below. - In the last month, how often have you felt that you were unable to control the important things in your life?","Answer the following questions using the scale shown below. - In the last month, how often have you felt confident to handle your personal problems?","Answer the following questions using the scale shown below. - In the last month, how often have you felt that things were going your way?","Answer the following questions using the scale shown below. - In the last month, how often have you felt difficulties were piling up so high you could not overcome them?"
"{""ImportId"":""startDate"",""timeZone"":""America/Denver""}","{""ImportId"":""endDate"",""timeZone"":""America/Denver""}","{""ImportId"":""status""}","{""ImportId"":""ipAddress""}","{""ImportId"":""progress""}","{""ImportId"":""duration""}","{""ImportId"":""finished""}","{""ImportId"":""recordedDate"",""timeZone"":""America/Denver""}","{""ImportId"":""_recordId""}","{""ImportId"":""recipientLastName""}","{""ImportId"":""recipientFirstName""}","{""ImportId"":""recipientEmail""}","{""ImportId"":""externalDataReference""}","{""ImportId"":""locationLatitude""}","{""ImportId"":""locationLongitude""}","{""ImportId"":""distributionChannel""}","{""ImportId"":""userLanguage""}","{""ImportId"":""QID1_TEXT""}","{""ImportId"":""QID4_1""}","{""ImportId"":""QID2_1""}","{""ImportId"":""QID2_2""}","{""ImportId"":""QID2_3""}","{""ImportId"":""QID2_4""}","{""ImportId"":""QID2_5""}","{""ImportId"":""QID2_6""}","{""ImportId"":""QID3_1""}","{""ImportId"":""QID3_2""}","{""ImportId"":""QID3_3""}","{""ImportId"":""QID3_4""}"
2021-03-22 20:34:48,2021-03-22 20:35:12,IP Address,*******,100,23,True,2021-03-22 20:35:13,R_3fVY78PC3WbrsUp,*******,*******,*******,*******,*******,*******,anonymous,EN,0000,19,2,2,2,2,2,3,2,2,3,3
2021-03-23 20:05:07,2021-03-23 20:06:13,IP Address,*******,100,65,True,2021-03-23 20:06:14,R_2Qgo30fNBmL0jFh,*******,*******,*******,*******,*******,*******,anonymous,EN,0000,44,3,1,1,3,3,1,3,3,3,3
2021-04-01 10:48:17,2021-04-01 10:49:34,IP Address,*******,100,76,True,2021-04-01 10:49:34,R_qwkVqkJRLIKdYCl,*******,*******,*******,*******,*******,*******,anonymous,EN,418,0,5,1,1,5,4,1,1,3,4,2
2021-04-02 14:00:56,2021-04-02 14:01:55,IP Address,*******,100,58,True,2021-04-02 14:01:55,R_AjNDokh0cTYGO0p,*******,*******,*******,*******,*******,*******,anonymous,EN,410,29,3,2,2,4,3,3,3,4,4,3
2021-04-02 14:05:26,2021-04-02 14:07:11,IP Address,*******,100,104,True,2021-04-02 14:07:12,R_28Vce5ESYMyFEwI,*******,*******,*******,*******,*******,*******,anonymous,EN,412,10,2,3,1,2,3,1,2,4,3,2
2021-04-02 16:26:28,2021-04-02 16:28:22,IP Address,*******,100,113,True,2021-04-02 16:28:22,R_DMjMQcTZ27zzuw1,*******,*******,*******,*******,*******,*******,anonymous,EN,415,31,3,2,1,4,3,1,3,4,3,2
2021-04-03 08:50:21,2021-04-03 08:51:38,IP Address,*******,100,76,True,2021-04-03 08:51:39,R_3J9SrjaDCcb1pPr,*******,*******,*******,*******,*******,*******,anonymous,EN,404,10,4,1,1,4,4,2,2,3,3,3
2021-04-04 18:03:40,2021-04-04 18:05:02,IP Address,*******,100,82,True,2021-04-04 18:05:03,R_2xLBdtFx3tZgIJg,*******,*******,*******,*******,*******,*******,anonymous,EN,424,4,4,1,1,3,1,1,2,3,4,2
2021-04-04 20:33:04,2021-04-04 20:34:22,IP Address,*******,100,77,True,2021-04-04 20:34:22,R_26hSsK0SS3QeweB,*******,*******,*******,*******,*******,*******,anonymous,EN,420,61,2,3,1,3,3,3,3,3,2,5
2021-04-05 12:13:42,2021-04-05 12:16:20,IP Address,*******,100,158,True,2021-04-05 12:16:22,R_1LOLaO2RF6GqMdP,*******,*******,*******,*******,*******,*******,anonymous,EN,427,0,4,1,1,3,3,1,2,4,4,2
2021-04-05 15:34:46,2021-04-05 15:36:56,IP Address,*******,100,129,True,2021-04-05 15:36:57,R_2rUuxhxluz4kXfY,*******,*******,*******,*******,*******,*******,anonymous,EN,428,0,3,2,1,3,3,2,3,4,4,2
2021-04-05 16:55:49,2021-04-05 16:57:27,IP Address,*******,100,97,True,2021-04-05 16:57:28,R_2dEkoOVTQUu4qAB,*******,*******,*******,*******,*******,*******,anonymous,EN,408,5,5,1,1,4,4,1,2,5,4,1
2021-04-07 12:00:09,2021-04-07 12:01:07,IP Address,*******,100,57,True,2021-04-07 12:01:07,R_1roUD85gJQ3jwDq,*******,*******,*******,*******,*******,*******,anonymous,EN,405,35,2,3,1,3,3,1,3,3,3,4
2021-04-07 15:33:59,2021-04-07 15:35:10,IP Address,*******,100,71,True,2021-04-07 15:35:11,R_3KDs9M4RLy12hB1,*******,*******,*******,*******,*******,*******,anonymous,EN,430,2,4,1,1,5,4,1,2,4,4,2
2021-04-07 16:59:51,2021-04-07 17:01:58,IP Address,*******,100,127,True,2021-04-07 17:01:59,R_25yKfeiUXQBBY0B,*******,*******,*******,*******,*******,*******,anonymous,EN,413,40,2,3,1,3,2,3,4,4,4,2
2021-04-07 18:28:46,2021-04-07 18:29:50,IP Address,*******,100,64,True,2021-04-07 18:29:51,R_3eaIF0DrK6uFGJE,*******,*******,*******,*******,*******,*******,anonymous,EN,401,0,4,1,1,4,4,1,3,4,3,1
2021-04-07 19:59:53,2021-04-07 20:01:23,IP Address,*******,100,90,True,2021-04-07 20:01:23,R_2963HGwsJtZsMBe,*******,*******,*******,*******,*******,*******,anonymous,EN,407,1,4,1,1,5,3,1,3,3,3,2
2021-04-08 14:00:06,2021-04-08 14:02:20,IP Address,*******,100,133,True,2021-04-08 14:02:20,R_uk6PRrEYtH3RkA1,*******,*******,*******,*******,*******,*******,anonymous,EN,422,2,3,1,1,3,3,1,1,4,3,3
2021-04-08 15:02:29,2021-04-08 15:04:24,IP Address,*******,100,114,True,2021-04-08 15:04:24,R_2rYpnRfVm3YeOvP,*******,*******,*******,*******,*******,*******,anonymous,EN,423,2,4,1,1,4,4,1,1,5,3,2
2021-04-08 19:58:23,2021-04-08 20:00:09,IP Address,*******,100,105,True,2021-04-08 20:00:09,R_1rufTAEO8SWV2aP,*******,*******,*******,*******,*******,*******,anonymous,EN,416,46,2,3,1,1,1,1,3,5,3,4
2021-04-09 07:05:39,2021-04-09 07:07:49,IP Address,*******,100,130,True,2021-04-09 07:07:50,R_1gTw68jVhxjkg0K,*******,*******,*******,*******,*******,*******,anonymous,EN,433,20,2,2,1,2,2,1,2,3,3,2
2021-04-09 10:33:09,2021-04-09 10:34:47,IP Address,*******,100,97,True,2021-04-09 10:34:48,R_3Pdg7Pjz9vMxxon,*******,*******,*******,*******,*******,*******,anonymous,EN,432,10,3,2,1,3,4,1,1,5,4,1
2021-04-09 12:06:13,2021-04-09 12:08:23,IP Address,*******,100,129,True,2021-04-09 12:08:23,R_3KDRdDH0Gy71TsN,*******,*******,*******,*******,*******,*******,anonymous,EN,"436 ",10,4,1,1,1,2,2,1,3,3,2
2021-04-09 15:03:02,2021-04-09 15:04:26,IP Address,*******,100,84,True,2021-04-09 15:04:27,R_1pGP09NqSGZYBuP,*******,*******,*******,*******,*******,*******,anonymous,EN,444,2,4,1,1,4,4,1,1,4,4,1
2021-04-09 21:16:32,2021-04-09 21:17:33,IP Address,*******,100,60,True,2021-04-09 21:17:33,R_2zHoCQAPEYWh6Lk,*******,*******,*******,*******,*******,*******,anonymous,EN,419,71,2,3,3,1,1,2,2,2,3,3
2021-04-10 08:33:59,2021-04-10 08:34:58,IP Address,*******,100,58,True,2021-04-10 08:34:58,R_2aEMGIDlsB80Kj5,*******,*******,*******,*******,*******,*******,anonymous,EN,440,71,1,3,2,1,2,4,4,3,2,3
2021-04-10 15:01:43,2021-04-10 15:03:00,IP Address,*******,100,76,True,2021-04-10 15:03:00,R_xnkBsxW1ZwQNp6x,*******,*******,*******,*******,*******,*******,anonymous,EN,442,50,3,4,1,2,3,1,2,3,2,2
2021-04-10 16:01:04,2021-04-10 16:02:21,IP Address,*******,100,76,True,2021-04-10 16:02:22,R_3DfSNZv59ekTgjf,*******,*******,*******,*******,*******,*******,anonymous,EN,450,34,3,2,1,2,4,1,4,4,4,2
2021-04-11 06:55:27,2021-04-11 06:56:53,IP Address,*******,100,85,True,2021-04-11 06:56:54,R_1jkOZMqIS8YdILM,*******,*******,*******,*******,*******,*******,anonymous,EN,417,12,4,2,1,4,4,2,2,4,4,2
2021-04-11 14:01:45,2021-04-11 14:02:49,IP Address,*******,100,64,True,2021-04-11 14:02:50,R_33apyXp7BNEH1nM,*******,*******,*******,*******,*******,*******,anonymous,EN,460,5,4,2,1,4,5,1,2,4,4,3
2021-04-11 14:03:15,2021-04-11 14:04:37,IP Address,*******,100,82,True,2021-04-11 14:04:38,R_3wIjQS0XItC3pN7,*******,*******,*******,*******,*******,*******,anonymous,EN,458,0,5,1,1,4,5,1,1,4,3,1
2021-04-11 14:28:39,2021-04-11 14:29:49,IP Address,*******,100,70,True,2021-04-11 14:29:49,R_2bZsy6DuLusqGDN,*******,*******,*******,*******,*******,*******,anonymous,EN,446,2,4,1,1,4,5,1,1,5,4,1
2021-04-12 15:31:23,2021-04-12 15:32:44,IP Address,*******,100,80,True,2021-04-12 15:32:44,R_ONcJcb71VZ3cIjT,*******,*******,*******,*******,*******,*******,anonymous,EN,425,71,4,3,3,2,3,3,3,3,2,4
2021-04-12 17:02:52,2021-04-12 17:04:27,IP Address,*******,100,95,True,2021-04-12 17:04:27,R_2uQyE5tiLebTDVY,*******,*******,*******,*******,*******,*******,anonymous,EN,456,0,4,1,1,3,5,1,3,3,5,4
2021-04-12 18:02:28,2021-04-12 18:04:39,IP Address,*******,100,131,True,2021-04-12 18:04:39,R_299VGYXlvfBnwEj,*******,*******,*******,*******,*******,*******,anonymous,EN,426,30,4,2,1,4,4,2,3,4,3,3
2021-04-12 20:02:25,2021-04-12 20:03:23,IP Address,*******,100,58,True,2021-04-12 20:03:24,R_9Lx6caicarXXAVr,*******,*******,*******,*******,*******,*******,anonymous,EN,409,0,4,1,1,5,4,1,3,3,4,2
2021-04-13 08:30:42,2021-04-13 08:31:37,IP Address,*******,100,55,True,2021-04-13 08:31:38,R_1oebqlyrf4Ipt1I,*******,*******,*******,*******,*******,*******,anonymous,EN,439,13,3,3,1,4,2,1,3,2,3,4
2021-04-14 12:02:42,2021-04-14 12:03:51,IP Address,*******,100,69,True,2021-04-14 12:03:53,R_3g5cUbQSJYsPzBI,*******,*******,*******,*******,*******,*******,anonymous,EN,455,8,4,1,1,5,4,1,1,5,4,1
2021-04-14 13:05:20,2021-04-14 13:06:15,IP Address,*******,100,55,True,2021-04-14 13:06:16,R_1kXsLpSffFIraI0,*******,*******,*******,*******,*******,*******,anonymous,EN,464,9,4,1,1,4,4,1,3,3,3,3
2021-04-14 13:32:02,2021-04-14 13:33:12,IP Address,*******,100,69,True,2021-04-14 13:33:12,R_3EQ2BlDILl51x8K,*******,*******,*******,*******,*******,*******,anonymous,EN,435,3,3,2,1,3,3,1,3,4,3,2
2021-04-14 17:12:40,2021-04-14 17:13:48,IP Address,*******,100,68,True,2021-04-14 17:13:48,R_2DS27d80OZtjRXC,*******,*******,*******,*******,*******,*******,anonymous,EN,421,37,3,2,1,3,4,1,3,4,4,2
2021-04-15 07:47:33,2021-04-15 07:48:44,IP Address,*******,100,70,True,2021-04-15 07:48:46,R_2ccG4nZaiLxHVI5,*******,*******,*******,*******,*******,*******,anonymous,EN,468,20,3,1,1,4,2,1,4,3,4,3
2021-04-15 16:37:10,2021-04-15 16:38:03,IP Address,*******,100,52,True,2021-04-15 16:38:04,R_3HRhbCRDb6B965H,*******,*******,*******,*******,*******,*******,anonymous,EN,441,0,5,1,1,5,5,1,1,5,5,1
2021-04-16 12:59:27,2021-04-16 13:00:40,IP Address,*******,100,72,True,2021-04-16 13:00:41,R_pgSxDjpETeYb9ol,*******,*******,*******,*******,*******,*******,anonymous,EN,457,0,2,2,1,2,3,1,3,3,4,2
2021-04-16 15:30:21,2021-04-16 15:32:18,IP Address,*******,100,116,True,2021-04-16 15:32:19,R_1g0jlNzbgtj9WV7,*******,*******,*******,*******,*******,*******,anonymous,EN,445,31,4,2,1,5,3,1,2,4,4,1
2021-04-16 16:46:16,2021-04-16 16:47:24,IP Address,*******,100,68,True,2021-04-16 16:47:25,R_10ZpWGsSZdDASjr,*******,*******,*******,*******,*******,*******,anonymous,EN,"454 ",0,5,1,1,5,1,1,3,3,2,3
2021-04-16 17:48:10,2021-04-16 17:50:09,IP Address,*******,100,119,True,2021-04-16 17:50:11,R_1XNz0J3S3Sc3nTr,*******,*******,*******,*******,*******,*******,anonymous,EN,484,30,3,4,1,3,4,1,2,3,3,3
2021-04-16 19:46:43,2021-04-16 19:47:42,IP Address,*******,100,58,True,2021-04-16 19:47:42,R_10TxyI6PQBiIde3,*******,*******,*******,*******,*******,*******,anonymous,EN,465,0,4,2,1,5,5,1,1,4,3,2
2021-04-17 07:02:52,2021-04-17 07:04:42,IP Address,*******,100,110,True,2021-04-17 07:04:43,R_323c1gIv1rLipie,*******,*******,*******,*******,*******,*******,anonymous,EN,474,25,5,2,1,4,4,1,2,5,4,1
2021-04-17 07:31:37,2021-04-17 07:33:04,IP Address,*******,100,87,True,2021-04-17 07:33:04,R_1P1QAoJUmtBjGXc,*******,*******,*******,*******,*******,*******,anonymous,EN,447,1,3,1,1,4,3,1,2,3,4,3
2021-04-17 07:31:36,2021-04-17 07:33:52,IP Address,*******,100,135,True,2021-04-17 07:33:52,R_1jDO8Ez39AwJvym,*******,*******,*******,*******,*******,*******,anonymous,EN,448,10,5,2,1,5,1,2,1,4,4,1
2021-04-17 08:29:32,2021-04-17 08:30:22,IP Address,*******,100,50,True,2021-04-17 08:30:22,R_1mLA0BgMyLp1cLL,*******,*******,*******,*******,*******,*******,anonymous,EN,434,30,3,2,1,2,4,2,3,3,3,4
2021-04-17 10:02:10,2021-04-17 10:06:16,IP Address,*******,100,245,True,2021-04-17 10:06:16,R_30pXcNlK6ofcRGY,*******,*******,*******,*******,*******,*******,anonymous,EN,451,5,4,1,1,5,4,1,2,3,3,4
2021-04-17 11:03:59,2021-04-17 11:05:19,IP Address,*******,100,80,True,2021-04-17 11:05:20,R_2eXVUCY6QGOokAr,*******,*******,*******,*******,*******,*******,anonymous,EN,411,1,4,1,1,4,3,2,2,4,3,2
2021-04-17 17:03:48,2021-04-17 17:05:26,IP Address,*******,100,97,True,2021-04-17 17:05:27,R_Z4sbBjJlFPDDv1v,*******,*******,*******,*******,*******,*******,anonymous,EN,478,0,5,1,1,5,5,1,1,5,3,1
2021-04-18 08:01:38,2021-04-18 08:04:38,IP Address,*******,100,180,True,2021-04-18 08:04:39,R_BStT5BHar48QrER,*******,*******,*******,*******,*******,*******,anonymous,EN,431,5,1,1,1,5,4,1,2,4,4,1
2021-04-18 08:04:35,2021-04-18 08:06:24,IP Address,*******,100,109,True,2021-04-18 08:06:24,R_vGNfXPYghThUIBr,*******,*******,*******,*******,*******,*******,anonymous,EN,486,0,3,1,2,3,2,1,3,3,2,3
2021-04-18 17:00:58,2021-04-18 17:02:01,IP Address,*******,100,63,True,2021-04-18 17:02:02,R_1isKPxtfU16CnEQ,*******,*******,*******,*******,*******,*******,anonymous,EN,429,10,4,1,1,4,3,1,3,3,3,2
2021-04-19 06:02:24,2021-04-19 06:04:35,IP Address,*******,100,131,True,2021-04-19 06:04:37,R_r9i8Jy0VQcA9dCh,*******,*******,*******,*******,*******,*******,anonymous,EN,461,3,5,1,1,4,3,4,2,5,4,1
2021-04-19 07:33:05,2021-04-19 07:34:14,IP Address,*******,100,69,True,2021-04-19 07:34:15,R_1pPstG7TVcZuXjW,*******,*******,*******,*******,*******,*******,anonymous,EN,459,1,4,1,1,2,2,1,1,1,3,1
2021-04-19 07:57:46,2021-04-19 07:59:34,IP Address,*******,100,108,True,2021-04-19 07:59:34,R_2R3bEe2uSwT1g56,*******,*******,*******,*******,*******,*******,anonymous,EN,437,0,4,1,1,4,4,1,3,3,3,1
2021-04-19 08:04:56,2021-04-19 08:06:39,IP Address,*******,100,102,True,2021-04-19 08:06:39,R_1QhC753vTxLEMsJ,*******,*******,*******,*******,*******,*******,anonymous,EN,498,19,3,2,1,4,4,1,4,4,3,3
2021-04-19 08:37:39,2021-04-19 08:41:39,IP Address,*******,100,239,True,2021-04-19 08:41:40,R_3kaWLBNo10ZhxdO,*******,*******,*******,*******,*******,*******,anonymous,EN,494,2,3,2,1,4,3,1,1,4,3,1
2021-04-19 08:57:54,2021-04-19 08:59:20,IP Address,*******,100,86,True,2021-04-19 08:59:21,R_1A0LKOpOBW5XWgN,*******,*******,*******,*******,*******,*******,anonymous,EN,452,3,5,1,1,5,5,1,1,5,3,1
2021-04-19 15:31:27,2021-04-19 15:32:31,IP Address,*******,100,63,True,2021-04-19 15:32:32,R_BEVq9bKVT5Ug8Qp,*******,*******,*******,*******,*******,*******,anonymous,EN,453,9,4,2,1,4,5,1,4,2,2,4
2021-04-19 17:02:33,2021-04-19 17:03:24,IP Address,*******,100,50,True,2021-04-19 17:03:24,R_1PXGvzhxtE9foEW,*******,*******,*******,*******,*******,*******,anonymous,EN,471,10,4,1,1,4,4,1,2,4,3,2
2021-04-20 07:02:38,2021-04-20 07:03:49,IP Address,*******,100,70,True,2021-04-20 07:03:50,R_2DMplQYJvWWwzTw,*******,*******,*******,*******,*******,*******,anonymous,EN,40072,8,3,1,1,3,4,1,2,4,4,2
2021-04-20 07:59:17,2021-04-20 08:00:43,IP Address,*******,100,85,True,2021-04-20 08:00:43,R_3EX4XFwOXjUTMg0,*******,*******,*******,*******,*******,*******,anonymous,EN,480,0,4,1,1,4,4,1,2,4,3,1
2021-04-20 09:03:19,2021-04-20 09:04:25,IP Address,*******,100,66,True,2021-04-20 09:04:25,R_3JzoJqfjjCTiGbK,*******,*******,*******,*******,*******,*******,anonymous,EN,481,0,5,1,1,4,4,1,1,5,3,1
2021-04-20 13:41:47,2021-04-20 13:43:47,IP Address,*******,100,120,True,2021-04-20 13:43:47,R_11Z0EYX7fEDuhet,*******,*******,*******,*******,*******,*******,anonymous,EN,492,4,5,1,1,5,5,1,3,4,3,2
2021-04-20 14:02:56,2021-04-20 14:03:48,IP Address,*******,100,51,True,2021-04-20 14:03:48,R_1I3MR9hOmho2EVu,*******,*******,*******,*******,*******,*******,anonymous,EN,463,0,5,1,1,3,3,1,3,4,4,2
2021-04-21 07:54:53,2021-04-21 07:56:22,IP Address,*******,100,89,True,2021-04-21 07:56:24,R_3ewD6tDyrTn3nE8,*******,*******,*******,*******,*******,*******,anonymous,EN,473,0,4,1,1,5,5,2,2,5,5,1
2021-04-21 09:04:16,2021-04-21 09:05:58,IP Address,*******,100,102,True,2021-04-21 09:06:00,R_3NPVEJ9I11NA4KN,*******,*******,*******,*******,*******,*******,anonymous,EN,462,0,5,1,1,4,4,1,2,4,4,2
2021-04-22 14:06:17,2021-04-22 14:07:49,IP Address,*******,100,92,True,2021-04-22 14:07:50,R_1E7hw6in4DCBNLk,*******,*******,*******,*******,*******,*******,anonymous,EN,500,7,4,2,1,2,5,1,2,4,4,1
2021-04-23 10:01:19,2021-04-23 10:04:04,IP Address,*******,100,165,True,2021-04-23 10:04:05,R_1Q4sCoRscB4VpuL,*******,*******,*******,*******,*******,*******,anonymous,EN,485,20,2,3,1,2,4,2,3,4,3,1
2021-04-23 11:02:07,2021-04-23 11:03:09,IP Address,*******,100,61,True,2021-04-23 11:03:09,R_XmQEytprOmTccF3,*******,*******,*******,*******,*******,*******,anonymous,EN,497,8,5,1,1,4,4,1,2,4,4,2
2021-04-23 20:19:05,2021-04-23 20:24:53,IP Address,*******,100,347,True,2021-04-23 20:24:53,R_bBf4fF4w9rO5NZf,*******,*******,*******,*******,*******,*******,anonymous,EN,000,47,3,3,3,3,3,3,3,3,3,3
2021-04-24 08:01:57,2021-04-24 08:02:55,IP Address,*******,100,57,True,2021-04-24 08:02:55,R_2xWD3yJ5Mwivs9i,*******,*******,*******,*******,*******,*******,anonymous,EN,467,3,5,1,1,4,4,1,3,5,4,2
2021-04-24 09:01:21,2021-04-24 09:02:30,IP Address,*******,100,69,True,2021-04-24 09:02:31,R_1FmL8wSy7kqnmXP,*******,*******,*******,*******,*******,*******,anonymous,EN,470,0,5,1,1,5,5,1,1,5,5,1
2021-04-24 09:01:48,2021-04-24 09:02:48,IP Address,*******,100,60,True,2021-04-24 09:02:49,R_0CGjz73Mga3oRa1,*******,*******,*******,*******,*******,*******,anonymous,EN,469,5,4,1,1,4,4,1,1,4,4,2
2021-04-24 17:08:15,2021-04-24 17:09:37,IP Address,*******,100,81,True,2021-04-24 17:09:37,R_3RmhQWMHRDyb9qD,*******,*******,*******,*******,*******,*******,anonymous,EN,478,1,5,1,1,5,5,1,1,5,3,1
2021-04-25 07:32:46,2021-04-25 07:34:02,IP Address,*******,100,76,True,2021-04-25 07:34:02,R_RRDG53FGBGyH5Yd,*******,*******,*******,*******,*******,*******,anonymous,EN,508,10,4,2,1,2,2,1,2,3,3,3
2021-04-25 07:34:02,2021-04-25 07:35:34,IP Address,*******,100,92,True,2021-04-25 07:35:35,R_3D6WNdmQrH5KP9e,*******,*******,*******,*******,*******,*******,anonymous,EN,489,1,3,1,1,3,3,1,4,4,5,1
2021-04-25 12:03:46,2021-04-25 12:05:03,IP Address,*******,100,76,True,2021-04-25 12:05:03,R_1pPwKvCbbA58F0T,*******,*******,*******,*******,*******,*******,anonymous,EN,514,42,3,3,1,3,3,2,4,3,2,2
2021-04-25 13:24:32,2021-04-25 13:25:56,IP Address,*******,100,83,True,2021-04-25 13:25:56,R_2Yslcua9Bkemk2A,*******,*******,*******,*******,*******,*******,anonymous,EN,496,28,4,2,1,5,5,2,3,4,4,2
2021-04-25 13:59:39,2021-04-25 14:01:28,IP Address,*******,100,109,True,2021-04-25 14:01:28,R_3ptixfFT7a6nt9e,*******,*******,*******,*******,*******,*******,anonymous,EN,479,0,3,1,1,3,3,1,1,4,4,1
2021-04-25 17:03:14,2021-04-25 17:06:09,IP Address,*******,100,174,True,2021-04-25 17:06:09,R_ToMCbHnA3mqU2at,*******,*******,*******,*******,*******,*******,anonymous,EN,504,60,3,3,1,3,4,1,2,3,3,5
2021-04-26 09:29:05,2021-04-26 09:30:26,IP Address,*******,100,81,True,2021-04-26 09:30:31,R_21iBDQLgKy18Sus,*******,*******,*******,*******,*******,*******,anonymous,EN,477,20,5,1,1,4,4,2,4,3,3,4
2021-04-26 12:14:36,2021-04-26 12:15:32,IP Address,*******,100,55,True,2021-04-26 12:15:37,R_2ysgoBORX7MG32Q,*******,*******,*******,*******,*******,*******,anonymous,EN,475,28,2,2,1,2,3,1,4,3,2,4
2021-04-26 17:11:28,2021-04-26 17:12:38,IP Address,*******,100,70,True,2021-04-26 17:12:38,R_3OpQ7uyHA8lylSn,*******,*******,*******,*******,*******,*******,anonymous,EN,490,41,4,2,1,4,4,1,3,3,4,2
2021-04-27 12:45:22,2021-04-27 12:47:01,IP Address,*******,100,99,True,2021-04-27 12:47:02,R_1dcN3nuO2LgESHW,*******,*******,*******,*******,*******,*******,anonymous,EN,520,10,1,1,1,2,1,1,2,4,3,2
2021-04-27 13:50:15,2021-04-27 13:51:19,IP Address,*******,100,64,True,2021-04-27 13:51:20,R_1Fb9rl15qHoKsMA,*******,*******,*******,*******,*******,*******,anonymous,EN,516,0,1,1,1,1,3,1,3,4,3,2
2021-04-28 07:33:15,2021-04-28 07:34:58,IP Address,*******,100,102,True,2021-04-28 07:34:58,R_1j6Piiiz3P7ZzOD,*******,*******,*******,*******,*******,*******,anonymous,EN,506,40,2,3,1,3,4,1,2,4,4,3
2021-04-28 09:04:52,2021-04-28 09:06:30,IP Address,*******,100,97,True,2021-04-28 09:06:30,R_3hryvAGBsOaTG8J,*******,*******,*******,*******,*******,*******,anonymous,EN,518,10,2,1,1,2,3,1,3,4,3,3
2021-04-25 07:43:33,2021-04-28 09:27:07,IP Address,*******,100,265413,True,2021-04-28 09:27:08,R_xhczlWsrkviTf0J,*******,*******,*******,*******,*******,*******,anonymous,EN,000,9,5,1,1,5,5,1,2,4,3,4
2021-04-28 11:02:07,2021-04-28 11:03:34,IP Address,*******,100,87,True,2021-04-28 11:03:35,R_1FlKBkmVILdgaj1,*******,*******,*******,*******,*******,*******,anonymous,EN,487,33,4,3,1,5,4,1,3,4,3,3
2021-04-28 13:21:49,2021-04-28 13:23:40,IP Address,*******,100,111,True,2021-04-28 13:23:40,R_1OPMTOgEIs9HTqB,*******,*******,*******,*******,*******,*******,anonymous,EN,488,0,4,1,1,5,4,1,1,4,4,1
2021-04-29 14:56:47,2021-04-29 14:57:29,IP Address,*******,100,41,True,2021-04-29 14:57:29,R_1oomEKNASQB8YzV,*******,*******,*******,*******,*******,*******,anonymous,EN,513,1,5,1,1,5,5,1,2,5,5,3
2021-04-29 19:59:33,2021-04-29 20:00:52,IP Address,*******,100,79,True,2021-04-29 20:00:53,R_1ImjIPRlwEiR812,*******,*******,*******,*******,*******,*******,anonymous,EN,507,10,1,1,1,4,2,1,3,4,4,3
2021-04-30 13:30:35,2021-04-30 13:31:42,IP Address,*******,100,67,True,2021-04-30 13:31:43,R_RWVA3zgRNa1S9Lb,*******,*******,*******,*******,*******,*******,anonymous,EN,466,0,4,2,1,4,3,1,1,4,3,2
2021-04-30 20:02:43,2021-04-30 20:03:46,IP Address,*******,100,63,True,2021-04-30 20:03:47,R_1i8zuQqbqxC7W7p,*******,*******,*******,*******,*******,*******,anonymous,EN,519,29,2,3,3,1,2,1,1,3,5,1
2021-05-01 11:01:21,2021-05-01 11:02:41,IP Address,*******,100,79,True,2021-05-01 11:02:41,R_2dVWwlIFIMbmfDO,*******,*******,*******,*******,*******,*******,anonymous,EN,505,20,3,2,1,4,4,2,4,3,3,4
2021-05-02 08:12:40,2021-05-02 08:13:32,IP Address,*******,100,51,True,2021-05-02 08:13:32,R_3G9emp6A2c3cQXY,*******,*******,*******,*******,*******,*******,anonymous,EN,509,15,3,2,1,3,1,1,2,4,4,1
2021-05-02 09:59:19,2021-05-02 10:02:05,IP Address,*******,100,165,True,2021-05-02 10:02:05,R_2CmoIZFgX85AzqZ,*******,*******,*******,*******,*******,*******,anonymous,EN,501,8,4,1,1,4,5,1,3,4,4,1
2021-05-02 11:59:27,2021-05-02 12:00:17,IP Address,*******,100,50,True,2021-05-02 12:00:18,R_2bWfPT6P6cnWyLJ,*******,*******,*******,*******,*******,*******,anonymous,EN,499,1,5,1,1,5,5,1,1,4,4,1
2021-05-03 19:51:31,2021-05-03 19:53:17,IP Address,*******,100,105,True,2021-05-03 19:53:18,R_2AFjP4CCITT3Gyt,*******,*******,*******,*******,*******,*******,anonymous,EN,522,5,3,3,1,2,2,1,3,4,2,3
2021-05-03 20:10:56,2021-05-03 20:12:59,IP Address,*******,100,122,True,2021-05-03 20:12:59,R_2Yh8JK4nF4IKPNC,*******,*******,*******,*******,*******,*******,anonymous,EN,544,74,3,2,1,3,2,2,4,3,2,3
2021-05-05 12:20:28,2021-05-05 12:22:09,IP Address,*******,100,100,True,2021-05-05 12:22:09,R_2fy5bF7JnxlKnHe,*******,*******,*******,*******,*******,*******,anonymous,EN,527,7,5,1,1,4,4,1,4,5,4,2
2021-05-06 15:02:05,2021-05-06 15:03:12,IP Address,*******,100,66,True,2021-05-06 15:03:12,R_2ypveOUOlNRllq9,*******,*******,*******,*******,*******,*******,anonymous,EN,525,20,4,2,1,4,4,1,2,4,3,3
2021-05-06 19:49:04,2021-05-06 19:49:57,IP Address,*******,100,53,True,2021-05-06 19:49:58,R_DC5Ujh8feKyt6sp,*******,*******,*******,*******,*******,*******,anonymous,EN,502,31,3,3,1,2,2,3,1,1,1,5
2021-05-07 13:02:31,2021-05-07 13:03:36,IP Address,*******,100,65,True,2021-05-07 13:03:37,R_C9SECQ5jtUWO5Hz,*******,*******,*******,*******,*******,*******,anonymous,EN,532,85,3,4,3,2,3,5,5,3,2,3
2021-05-07 15:04:16,2021-05-07 15:05:43,IP Address,*******,100,87,True,2021-05-07 15:05:44,R_9WQXnDM1pfc5RxD,*******,*******,*******,*******,*******,*******,anonymous,EN,550,10,3,2,1,4,3,2,2,4,3,3
2021-05-08 07:34:24,2021-05-08 07:36:35,IP Address,*******,100,131,True,2021-05-08 07:36:35,R_A6tdwOmbSq3Hoad,*******,*******,*******,*******,*******,*******,anonymous,EN,511,19,4,2,1,3,3,1,4,4,3,3
2021-05-08 08:16:21,2021-05-08 08:17:31,IP Address,*******,100,69,True,2021-05-08 08:17:31,R_1mxZcyG97g0NoNE,*******,*******,*******,*******,*******,*******,anonymous,EN,517,1,4,1,1,4,5,1,3,3,3,3
2021-05-08 11:03:31,2021-05-08 11:04:42,IP Address,*******,100,70,True,2021-05-08 11:04:42,R_1OvJKaNoahF9R5O,*******,*******,*******,*******,*******,*******,anonymous,EN,535,0,4,1,1,3,3,1,1,3,3,1
2021-05-08 12:04:16,2021-05-08 12:06:35,IP Address,*******,100,139,True,2021-05-08 12:06:36,R_2RTYO079UgMiKAp,*******,*******,*******,*******,*******,*******,anonymous,EN,542,2,3,2,1,2,3,1,3,4,3,2
2021-05-08 14:59:40,2021-05-08 15:00:32,IP Address,*******,100,51,True,2021-05-08 15:00:32,R_2OVdxuzcExDltHc,*******,*******,*******,*******,*******,*******,anonymous,EN,503,0,5,1,1,5,5,1,2,5,5,1
2021-05-09 07:05:04,2021-05-09 07:07:17,IP Address,*******,100,132,True,2021-05-09 07:07:18,R_OCLXkBEmcYjNxAd,*******,*******,*******,*******,*******,*******,anonymous,EN,510,32,2,4,1,2,2,4,4,3,2,3
2021-05-09 10:03:31,2021-05-09 10:05:07,IP Address,*******,100,95,True,2021-05-09 10:05:07,R_3LbzGSWG7DxtmZp,*******,*******,*******,*******,*******,*******,anonymous,EN,50036,0,5,1,1,4,4,1,1,5,5,1
2021-05-09 10:29:24,2021-05-09 10:30:56,IP Address,*******,100,92,True,2021-05-09 10:30:56,R_2vigPw0cMtc7yHj,*******,*******,*******,*******,*******,*******,anonymous,EN,534,10,5,1,1,4,5,1,1,5,4,1
2021-05-09 12:03:26,2021-05-09 12:04:34,IP Address,*******,100,67,True,2021-05-09 12:04:34,R_1Hq6OdNZRx0rFYh,*******,*******,*******,*******,*******,*******,anonymous,EN,546,38,4,2,1,2,3,1,1,4,4,2
2021-05-09 16:31:11,2021-05-09 16:32:24,IP Address,*******,100,73,True,2021-05-09 16:32:24,R_5n03zJmuTgDYP9D,*******,*******,*******,*******,*******,*******,anonymous,EN,213094,87,1,2,1,2,2,3,5,2,1,5
2021-05-10 12:47:01,2021-05-10 12:47:59,IP Address,*******,100,57,True,2021-05-10 12:47:59,R_2XodlYPsmS9m8Wo,*******,*******,*******,*******,*******,*******,anonymous,EN,523,0,4,1,1,4,3,1,2,5,5,1
2021-05-10 17:57:17,2021-05-10 17:58:59,IP Address,*******,100,101,True,2021-05-10 17:58:59,R_2VOVgq8Gz4w0KpN,*******,*******,*******,*******,*******,*******,anonymous,EN,528,17,4,1,1,4,3,2,3,4,3,2
2021-05-11 13:31:02,2021-05-11 13:32:10,IP Address,*******,100,68,True,2021-05-11 13:32:11,R_2VPlCI5mKASwVYF,*******,*******,*******,*******,*******,*******,anonymous,EN,556,33,2,4,1,4,4,2,2,4,4,2
2021-05-11 14:01:46,2021-05-11 14:02:33,IP Address,*******,100,47,True,2021-05-11 14:02:34,R_AKUE9hKYM6inJJL,*******,*******,*******,*******,*******,*******,anonymous,EN,524,1,4,2,1,4,4,1,2,4,4,2
2021-05-11 20:03:16,2021-05-11 20:04:05,IP Address,*******,100,48,True,2021-05-11 20:04:05,R_2yfTXGOQnhNCXAj,*******,*******,*******,*******,*******,*******,anonymous,EN,531,20,3,2,1,2,4,1,2,4,4,2
2021-05-12 07:00:02,2021-05-12 07:01:43,IP Address,*******,100,100,True,2021-05-12 07:01:43,R_1oBGDx63xSA6L5s,*******,*******,*******,*******,*******,*******,anonymous,EN,521,6,4,2,1,3,4,1,1,4,4,2
2021-05-12 07:59:52,2021-05-12 08:01:28,IP Address,*******,100,96,True,2021-05-12 08:01:29,R_77A5EVMcNeo8UjT,*******,*******,*******,*******,*******,*******,anonymous,EN,552,4,4,2,1,4,5,1,2,5,4,3
2021-05-12 13:00:09,2021-05-12 13:02:35,IP Address,*******,100,145,True,2021-05-12 13:02:35,R_1LYYvVhWyApsBfM,*******,*******,*******,*******,*******,*******,anonymous,EN,543,37,4,2,1,3,4,2,3,2,3,4
2021-05-12 14:00:56,2021-05-12 14:02:39,IP Address,*******,100,102,True,2021-05-12 14:02:39,R_1kSULklS38mVQsl,*******,*******,*******,*******,*******,*******,anonymous,EN,553,50,2,3,1,2,1,2,3,3,2,2
2021-05-12 15:00:40,2021-05-12 15:01:55,IP Address,*******,100,74,True,2021-05-12 15:01:56,R_1I5HrpHLf0P35aB,*******,*******,*******,*******,*******,*******,anonymous,EN,557,26,4,1,1,4,4,1,2,3,3,2
2021-05-12 19:46:59,2021-05-12 19:48:03,IP Address,*******,100,63,True,2021-05-12 19:48:03,R_1LvrYnpl5Xej9va,*******,*******,*******,*******,*******,*******,anonymous,EN,491,0,4,1,1,5,4,1,3,3,3,3
2021-05-12 20:09:19,2021-05-12 20:10:09,IP Address,*******,100,50,True,2021-05-12 20:10:10,R_sXcncsdypJLzdbr,*******,*******,*******,*******,*******,*******,anonymous,EN,491,1,4,1,1,4,4,1,3,3,3,3
2021-05-13 09:01:05,2021-05-13 09:02:49,IP Address,*******,100,103,True,2021-05-13 09:02:50,R_2YEvEwkLi0gWn4D,*******,*******,*******,*******,*******,*******,anonymous,EN,537,6,4,1,1,3,3,1,2,3,4,2
2021-05-13 12:16:51,2021-05-13 12:18:51,IP Address,*******,100,120,True,2021-05-13 12:18:52,R_3oLsA6Isx4zp3UF,*******,*******,*******,*******,*******,*******,anonymous,EN,545,30,4,2,1,4,5,1,1,4,4,2
2021-05-13 14:00:07,2021-05-13 14:01:33,IP Address,*******,100,86,True,2021-05-13 14:01:33,R_2pMP7WXF4PY8J9o,*******,*******,*******,*******,*******,*******,anonymous,EN,551,0,5,1,1,5,5,1,1,4,4,1
2021-05-15 07:46:44,2021-05-15 07:47:43,IP Address,*******,100,58,True,2021-05-15 07:47:43,R_21giElETWF1DT26,*******,*******,*******,*******,*******,*******,anonymous,EN,533,16,3,2,1,3,4,1,2,3,3,3
2021-05-15 08:36:37,2021-05-15 08:38:19,IP Address,*******,100,102,True,2021-05-15 08:38:20,R_SIxDPVmisWfgrjX,*******,*******,*******,*******,*******,*******,anonymous,EN,562,20,4,1,1,4,4,2,2,4,3,4
2021-05-15 09:08:36,2021-05-15 09:10:45,IP Address,*******,100,128,True,2021-05-15 09:10:45,R_xl92fjsaythzNbH,*******,*******,*******,*******,*******,*******,anonymous,EN,541,0,4,1,1,2,3,1,3,4,3,2
2021-05-15 10:04:20,2021-05-15 10:05:27,IP Address,*******,100,67,True,2021-05-15 10:05:27,R_1BUYXXEYvWWPCsC,*******,*******,*******,*******,*******,*******,anonymous,EN,539,1,5,1,1,5,4,1,2,5,4,1
2021-05-15 15:57:29,2021-05-15 16:00:14,IP Address,*******,100,165,True,2021-05-15 16:00:15,R_2xwO8bvQdQOJaRI,*******,*******,*******,*******,*******,*******,anonymous,EN,560,4,5,2,1,4,2,1,3,3,3,3
2021-05-15 16:58:16,2021-05-15 16:59:56,IP Address,*******,100,99,True,2021-05-15 16:59:56,R_UxLJfE9ht2NLz7r,*******,*******,*******,*******,*******,*******,anonymous,EN,549,1,4,1,1,5,5,1,1,5,5,1
2021-05-15 20:02:10,2021-05-15 20:03:29,IP Address,*******,100,79,True,2021-05-15 20:03:29,R_1eIY2LT54tbHlGs,*******,*******,*******,*******,*******,*******,anonymous,EN,555,2,5,1,1,3,5,1,3,3,3,5
2021-05-15 21:15:28,2021-05-15 21:17:17,IP Address,*******,100,108,True,2021-05-15 21:17:17,R_247WJEwz5ja9RTn,*******,*******,*******,*******,*******,*******,anonymous,EN,529,35,3,2,1,3,4,1,3,2,4,4
2021-05-16 09:04:09,2021-05-16 09:05:13,IP Address,*******,100,64,True,2021-05-16 09:05:13,R_VL4Q4GLei6MYRA5,*******,*******,*******,*******,*******,*******,anonymous,EN,548,30,3,1,1,4,4,1,3,4,3,3
2021-05-17 10:35:38,2021-05-17 10:37:07,IP Address,*******,100,89,True,2021-05-17 10:37:08,R_2w62JbzhA10Jm3c,*******,*******,*******,*******,*******,*******,anonymous,EN,530,40,3,1,1,3,5,1,2,4,4,1
2021-05-19 05:01:41,2021-05-19 05:02:39,IP Address,*******,100,57,True,2021-05-19 05:02:39,R_2BbP2C7COR8wxqM,*******,*******,*******,*******,*******,*******,anonymous,EN,563,45,2,2,1,3,3,4,4,2,3,3
2021-05-19 09:58:02,2021-05-19 09:59:26,IP Address,*******,100,83,True,2021-05-19 09:59:26,R_2atz4oSIEIY3Drz,*******,*******,*******,*******,*******,*******,anonymous,EN,547,1,5,1,1,4,4,1,4,2,3,4
2021-05-20 15:08:33,2021-05-20 15:09:55,IP Address,*******,100,82,True,2021-05-20 15:09:56,R_2wSOeegHhDn3ZSg,*******,*******,*******,*******,*******,*******,anonymous,EN,538,0,5,1,1,5,5,1,4,4,2,1
2021-05-26 09:02:15,2021-05-26 09:04:21,IP Address,*******,100,125,True,2021-05-26 09:04:21,R_2YRQt53Ed5JqhKL,*******,*******,*******,*******,*******,*******,anonymous,EN,515,30,3,2,2,3,4,2,3,2,3,2
2021-05-29 07:01:34,2021-05-29 07:03:11,IP Address,*******,100,96,True,2021-05-29 07:03:12,R_3G6xuaZbKjH6zWR,*******,*******,*******,*******,*******,*******,anonymous,EN,564,3,4,1,1,3,4,1,2,4,3,2
